sr no,transaction_date,remarks,debit,credit,balance,net_amount,transaction_type
1,2025-04-13,"UPI/123951682487/CR/PALLAV/BKID/9767318
80/Paymen",0.0,5000.0,0.0,5000.0,Credit
2,2025-04-14,"UPI/448622900627/DR/SUVARN/IPOS/9561483
02/Paymen",599.0,0.0,0.0,-599.0,Debit
3,2025-04-14,UA/426707621779/UNAMB/KARANTATY/4267,5000.0,0.0,0.0,-5000.0,Debit
4,2025-04-14,"UPI/103152236788/CR/AKASH
/HDFC/akashkamb/gold l",0.0,10000.0,0.0,10000.0,Credit
5,2025-04-14,UA/105707626933/UNAMB/KARANTATY/1057,10000.0,0.0,0.0,-10000.0,Debit
6,2025-04-14,"UPI/103184416507/CR/KARAN
/HDFC/karankamb/Gold L",0.0,1500.0,0.0,1500.0,Credit
7,2025-04-14,UA/609691005235/UNAMB/KARANTATY/6096,1301.0,0.0,0.0,-1301.0,Debit
8,2025-04-19,UA/252600523946/UNAMB/KARANTATY/2526,57.0,0.0,0.0,-57.0,Debit
9,2025-04-20,"UPI/587419113646/CR//MAHB/942113035/Pay
men",0.0,3000.0,0.0,3000.0,Credit
10,2025-04-25,UPI/511597661724/DR//HDFC/karankamb/self,290.0,0.0,0.0,-290.0,Debit
11,2025-05-04,"091818210020527:SBInt.Pd:01-02-2025 to 30-
04-2025",0.0,9.0,0.0,9.0,Credit
12,2025-05-10,"UPI/549613162948/DR/Delhiv/YESB/paytm-
del/UPI",520.0,0.0,0.0,-520.0,Debit
13,2025-05-15,"UPI/104855107652/CR/KARAN
/HDFC/karankamb/UPI",0.0,519.0,0.0,519.0,Credit
14,2025-05-21,UPI/550756338193/DR/JANATA/HDFC/vyapar.1,2100.0,0.0,0.0,-2100.0,Debit
15,2025-05-21,"UPI/550711782842/DR/Shivga/UTIB/957997317
/UPI",10.0,0.0,0.0,-10.0,Debit
16,2025-05-23,RENEWAL - BKID207143088230525,20.0,0.0,0.0,-20.0,Debit
17,2025-05-28,UPI/514894785601/DR//HDFC/karankamb/self,878.0,0.0,0.0,-878.0,Debit
18,2025-05-29,"UPI/105603287856/CR/AKASH
/HDFC/akashkamb/mobile",0.0,650.0,0.0,650.0,Credit
19,2025-05-29,UPI/551546276844/DR//HDFC/karankamb/UPI,147.0,0.0,0.0,-147.0,Debit
20,2025-05-31,"UPI/654468179593/CR/Mr
SHA/MAHB/942113035/Paymen",0.0,2000.0,0.0,2000.0,Credit
21,2025-06-01,UPI/551873127527/DR//HDFC/karankamb/self,500.0,0.0,0.0,-500.0,Debit
22,2025-06-01,"UPI/551890346217/DR/SUTAR
/YESB/paytmqr28/kirlos",650.0,0.0,0.0,-650.0,Debit
23,2025-06-02,UPI/515365116832/DR//HDFC/karankamb/self h,454.0,0.0,0.0,-454.0,Debit
24,2025-06-03,"UPI/515421975382/DR/AKASH
/SBIN/akashkamb/mane g",500.0,0.0,0.0,-500.0,Debit
25,2025-06-12,"UPI/106361021432/CR/AKASH
/HDFC/akashkamb/parsal",0.0,855.0,0.0,855.0,Credit
26,2025-06-12,"UPI/516374750591/DR//HDFC/karankamb/parce
l",855.0,0.0,0.0,-855.0,Debit
27,2025-06-13,"UPI/106402884746/CR/AKASH
/HDFC/akashkamb/parsal",0.0,426.0,0.0,426.0,Credit
28,2025-06-13,"UPI/553027520900/DR//HDFC/karankamb/parce
l",426.0,0.0,0.0,-426.0,Debit
29,2025-06-15,"UPI/072063035029/CR/Mr
SHA/MAHB/942113035/Paymen",0.0,2000.0,0.0,2000.0,Credit
30,2025-06-18,"UPI/106673655371/CR/AKASH
/HDFC/akashkamb/UPI",0.0,1000.0,0.0,1000.0,Credit
31,2025-06-18,"UPI/553532754833/DR/Vishwa/UTIB/gpay-
1120/Mane H",770.0,0.0,0.0,-770.0,Debit
32,2025-06-18,"UPI/553569069796/DR/Sidesh/UTIB/888816327
/UPI",20.0,0.0,0.0,-20.0,Debit
33,2025-06-19,"UPI/517097719739/DR/AKASH
/HDFC/akashkamb/refund",1000.0,0.0,0.0,-1000.0,Debit
34,2025-06-19,"UPI/517040531226/DR/Shivga/UTIB/957997317
/tablet",10.0,0.0,0.0,-10.0,Debit
35,2025-06-23,"UPI/554002809502/DR/Delhiv/YESB/paytm-
del/UPI",280.0,0.0,0.0,-280.0,Debit
36,2025-06-23,"UPI/106941494661/CR/AKASH
/HDFC/akashkamb/UPI",0.0,280.0,0.0,280.0,Credit
37,2025-06-25,UPI/517618532561/DR//HDFC/karankamb/self,299.0,0.0,0.0,-299.0,Debit
38,2025-06-30,"UPI/107298681974/CR/AKASH
/HDFC/akashkamb/mbl em",0.0,650.0,0.0,650.0,Credit
39,2025-07-06,"UPI/107635232735/CR/AKASH
/HDFC/akashkamb/UPI",0.0,800.0,0.0,800.0,Credit
40,2025-07-06,UPI/555383959460/DR//HDFC/karankamb/self,800.0,0.0,0.0,-800.0,Debit
41,2025-07-06,"UPI/555346142845/DR//HDFC/karankamb/mobil
e",650.0,0.0,0.0,-650.0,Debit
42,2025-07-06,UPI/555399454270/DR//HDFC/karankamb/self,100.0,0.0,0.0,-100.0,Debit
43,2025-07-20,"UPI/561989431992/CR/Mr
SHA/MAHB/942113035/Paymen",0.0,2000.0,0.0,2000.0,Credit
44,2025-07-25,"UPI/557233444778/DR/AKASH
/HDFC/akashkamb/UPI",1025.0,0.0,0.0,-1025.0,Debit
45,2025-07-25,"UPI/557233754073/DR/Delhiv/YESB/paytm-
del/UPI",496.0,0.0,0.0,-496.0,Debit
46,2025-07-25,"UPI/108695276813/CR/PALLAV/BKID/pallavika/
UPI",0.0,500.0,0.0,500.0,Credit
47,2025-07-30,"UPI/108967162146/CR/AKASH
/HDFC/akashkamb/refund",0.0,1000.0,0.0,1000.0,Credit
48,2025-07-30,"UPI/108967212334/CR/AKASH
/HDFC/akashkamb/emi ju",0.0,650.0,0.0,650.0,Credit
49,2025-07-30,UPI/557728195546/DR//HDFC/karankamb/UPI,1000.0,0.0,0.0,-1000.0,Debit
50,2025-07-30,"UPI/557736889009/DR//HDFC/karankamb/akas
h",650.0,0.0,0.0,-650.0,Debit
51,2025-07-31,"UPI/521209852503/DR/Karan
/KKBK/899998040/Fund T",100.0,0.0,0.0,-100.0,Debit
52,2025-07-31,UPI/521239708280/DR//HDFC/karankamb/self,27.0,0.0,0.0,-27.0,Debit
53,2025-08-01,"UPI/521319379821/DR/Shivga/UTIB/957997317
/bp gol",167.0,0.0,0.0,-167.0,Debit
54,2025-08-02,"UPI/521470403921/DR/Shivga/UTIB/957997317
/UPI",196.0,0.0,0.0,-196.0,Debit
55,2025-08-02,"UPI/109130328577/CR/AKASH
/HDFC/akashkamb/UPI",0.0,200.0,0.0,200.0,Credit
56,2025-08-03,"091818210020527:SBInt.Pd:01-05-2025 to 31-
07-2025",0.0,12.0,0.0,12.0,Credit
57,2025-08-05,"UPI/521746487487/DR/Mahara/ICIC/mitcl.bdp/P
ay",59.0,0.0,0.0,-59.0,Debit
58,2025-08-06,"UPI/506074159542/CR//MAHB/942113035/Pay
men",0.0,2000.0,0.0,2000.0,Credit
59,2025-08-06,"UPI/109331277637/CR/AKASH
/HDFC/akashkamb/rainco",0.0,800.0,0.0,800.0,Credit
60,2025-08-15,"UPI/522799132843/DR/Shivga/UTIB/957997317
/UPI",42.0,0.0,0.0,-42.0,Debit
61,2025-08-18,"UPI/559614510392/DR/HANMAN/YESB/paytmq
r64/UPI",60.0,0.0,0.0,-60.0,Debit
62,2025-08-18,"UPI/110000374955/CR/AKASH
/HDFC/akashkamb/UPI",0.0,250.0,0.0,250.0,Credit
63,2025-08-18,"UPI/523060197974/DR/Shivga/UTIB/957997317
/UPI",250.0,0.0,0.0,-250.0,Debit
64,2025-08-21,"UPI/559911813145/DR/HANMAN/YESB/paytmq
r64/UPI",20.0,0.0,0.0,-20.0,Debit
65,2025-08-23,"UPI/523558399923/DR/Vishwa/UTIB/gpay-
1120/mane m",423.0,0.0,0.0,-423.0,Debit
66,2025-08-23,"UPI/560169524554/DR//HDFC/karankamb/akas
h",1000.0,0.0,0.0,-1000.0,Debit
67,2025-08-23,UPI/560137719345/DR//HDFC/karankamb/self,1097.0,0.0,0.0,-1097.0,Debit
68,2025-08-24,"UPI/523646627649/DR/TAVASH/YESB/q33482
147/UPI",20.0,0.0,0.0,-20.0,Debit
69,2025-08-28,"UPI/524005937604/DR/Khapar/UTIB/gpay-
1124/UPI",70.0,0.0,0.0,-70.0,Debit
70,2025-08-29,"UPI/560782401731/DR/BHAUSO/YESB/q76224
037/topi",40.0,0.0,0.0,-40.0,Debit
71,2025-09-01,"UPI/561033291371/DR/Google/UTIB/gpay-
cred/UPI",1792.0,0.0,0.0,-1792.0,Debit
72,2025-09-01,"UPI/110623487874/CR/AKASH
/HDFC/akashkamb/UPI",0.0,650.0,0.0,650.0,Credit
73,2025-09-01,"UPI/748646505020/CR/Mr
SHA/MAHB/942113035/Paymen",0.0,1000.0,0.0,1000.0,Credit
74,2025-09-03,"UPI/561299562991/DR/HANMAN/YESB/paytmq
r6m/UPI",20.0,0.0,0.0,-20.0,Debit
75,2025-09-03,"UPI/524683823205/DR/Shivga/UTIB/957997317
/brush",20.0,0.0,0.0,-20.0,Debit
76,2025-09-09,"UPI/525215434366/DR/HANMAN/YESB/paytmq
r5y/UPI",30.0,0.0,0.0,-30.0,Debit
77,2025-09-11,"UPI/562077575341/DR/VARADA/KKBK/mswipe.
14/UPI",30.0,0.0,0.0,-30.0,Debit
78,2025-09-12,UPI/525555973802/DR//HDFC/karankamb/self,47.0,0.0,0.0,-47.0,Debit
79,2025-09-14,"UPI/562357629556/DR/Google/UTIB/gpay-
cred/UPI",450.0,0.0,0.0,-450.0,Debit
80,2025-09-15,"UPI/562487142582/DR/MYJIO/HDFC/myjio.eas/
Pay",899.0,0.0,0.0,-899.0,Debit
81,2025-09-20,"UPI/111490354338/CR/AKASH
/HDFC/akashkamb/UPI",0.0,1200.0,0.0,1200.0,Credit
82,2025-09-20,"UPI/562927099469/CR/AKASH
/HDFC/akashkamb/servic",0.0,2000.0,0.0,2000.0,Credit
83,2025-09-20,"UPI/526301108194/DR/Prithv/UTIB/gpay-
1123/servic",2261.0,0.0,0.0,-2261.0,Debit
84,2025-09-21,"UPI/455075572645/DR/Google/UTIB/playstore/
Mandat",2.0,0.0,0.0,-2.0,Debit
85,2025-09-21,"UPI/455128542645/CR/Google/UTIB/googlepay/
UPI",0.0,2.0,0.0,2.0,Credit
86,2025-09-22,"UPI/563111424090/DR/Google/ICIC/gpayrecha/
UPI",200.9,0.0,0.0,-200.9,Debit
87,2025-09-25,"UPI/526873140777/DR/HANMAN/YESB/paytmq
r64/UPI",10.0,0.0,0.0,-10.0,Debit
88,2025-10-01,"UPI/564041055392/CR/AKASH
/HDFC/akashkamb/mobile",0.0,2000.0,0.0,2000.0,Credit
89,2025-10-03,"UPI/564225350535/DR/Mr
VAR/UTIB/902285105/cuttin",90.0,0.0,0.0,-90.0,Debit
90,2025-10-03,"UPI/564227553148/DR/Shivga/UTIB/957997317
/golya",202.0,0.0,0.0,-202.0,Debit
91,2025-10-15,"UPI/112670059668/CR/AKASH
/HDFC/akashkamb/licens",0.0,500.0,0.0,500.0,Credit
92,2025-10-15,"UPI/100299420096/DR/Transp/SBIN/sbiepay.s/
Collec",500.0,0.0,0.0,-500.0,Debit
93,2025-10-17,"UPI/809661462905/DR/Google/UTIB/playstore/
Mandat",399.0,0.0,0.0,-399.0,Debit
94,2025-10-18,"UPI/187477773281/CR/Mr
SHA/MAHB/942113035/Paymen",0.0,5000.0,0.0,5000.0,Credit
95,2025-10-19,"UPI/474671328705/DR/SHASHE/UBIN/sumitvar
s/Laptop",100.0,0.0,0.0,-100.0,Debit
96,2025-10-20,"UPI/565940510779/CR/AKASH
/HDFC/akashkamb/laptop",0.0,100.0,0.0,100.0,Credit
97,2025-10-21,"UPI/529496209332/DR/Google/UTIB/gpayrecha/
UPI",200.9,0.0,0.0,-200.9,Debit
98,2025-10-21,UPI/566041099687/DR//HDFC/karankamb/UPI,2068.0,0.0,0.0,-2068.0,Debit
99,2025-10-21,"UPI/529464116578/DR//HDFC/karankamb/papa
r",200.0,0.0,0.0,-200.0,Debit
100,2025-10-21,"UPI/529417704510/DR/MAHAVI/FDRL/bharatpe
./Pay To",65.0,0.0,0.0,-65.0,Debit
101,2025-10-21,"UPI/529432209860/DR/MAHAVI/FDRL/bharatpe
./Pay To",20.0,0.0,0.0,-20.0,Debit
102,2025-10-23,"UPI/113080778946/CR/AKASH
/HDFC/akashkamb/UPI",0.0,120.0,0.0,120.0,Credit
103,2025-10-23,"UPI/529692244696/DR/Vishwa/UTIB/gpay-
1120/bp chy",111.0,0.0,0.0,-111.0,Debit
104,2025-10-28,"UPI/530100451233/DR//HDFC/karankamb/vadg
av",1524.0,0.0,0.0,-1524.0,Debit
105,2025-10-29,"UPI/566845798124/DR/KARAN
/SBIN/karankamb/mama r",3200.2,0.0,0.0,-3200.2,Debit
106,2025-10-29,UPI/566823493298/CR/AKASH,0.0,23500.0,0.0,23500.0,Credit
107,2025-10-31,"UPI/567096824102/DR/Delhiv/YESB/paytm-
del/UPI",23400.0,0.0,0.0,-23400.0,Debit
108,2025-10-31,"UPI/113458989930/CR/AKASH
/HDFC/akashkamb/Emi mo",0.0,650.0,0.0,650.0,Credit
109,2025-11-02,"091818210020527:SBInt.Pd:01-08-2025 to 31-
10-2025",0.0,20.0,0.0,20.0,Credit
110,2025-11-05,"UPI/530981951682/CR/Mr
Vik/MAHB/vikrambhi/UPI",0.0,1000.0,0.0,1000.0,Credit
111,2025-11-05,CWDR//500029/YKO8008,1000.0,0.0,0.0,-1000.0,Debit
112,2025-11-08,"UPI/531214033842/DR/Shivga/UTIB/gpay-
1123/UPI",50.0,0.0,0.0,-50.0,Debit
113,2025-11-11,"UPI/568181719724/DR/Shivga/UTIB/957997317
/UPI",40.0,0.0,0.0,-40.0,Debit
114,2025-11-13,"UPI/568328303567/DR/Shivga/UTIB/957997317
/UPI",84.0,0.0,0.0,-84.0,Debit
115,2025-11-17,"UPI/101985911597/DR//HDFC/proteaneg/Reque
s",106.9,0.0,0.0,-106.9,Debit
116,2025-11-29,"UPI/114886433548/CR/AKASH
/HDFC/akashkamb/emi no",0.0,650.0,0.0,650.0,Credit
117,2025-12-03,"UPI/533790242003/DR/Shivga/UTIB/gpay-
1123/UPI",27.0,0.0,0.0,-27.0,Debit
118,2025-12-06,"UPI/604519233405/CR/GOOGLE/utib/goog-
paym/UPI",0.0,1.0,0.0,1.0,Credit
119,2025-12-07,"UPI/570758784920/DR/Shivga/UTIB/957997317
/ciplox",121.0,0.0,0.0,-121.0,Debit
120,2025-12-07,"UPI/570782485990/DR/TAVASH/YESB/q33482
147/UPI",40.0,0.0,0.0,-40.0,Debit
121,2025-12-08,"UPI/570831626219/DR/HANMAN/YESB/paytmq
r64/UPI",40.0,0.0,0.0,-40.0,Debit
122,2025-12-08,"UPI/570885040267/DR/HANMAN/YESB/paytmq
r64/UPI",20.0,0.0,0.0,-20.0,Debit
123,2025-12-09,"UPI/534385002456/DR/Shivga/UTIB/957997317
/UPI",27.0,0.0,0.0,-27.0,Debit
124,2025-12-10,"UPI/571033724920/DR/HANMAN/YESB/paytmq
r6m/UPI",50.0,0.0,0.0,-50.0,Debit
