txn_id,session_id,txn_date,transaction_ref_id,transaction_code,transaction_method,transaction_category,transaction_nature,counterparty_name,counterparty_bank_code,debit,credit,amount,balance,remarks,created_at
1,184c6236-b172-4926-82c3-ed72dde1810e,2025-04-13,123951682487,UPI,UPI,OTHER,INCOME,PALLAV,UNKNOWN,0,5000,5000,0,"UPI/123951682487/CR/PALLAV/BKID/9767318
80/Paymen",
2,184c6236-b172-4926-82c3-ed72dde1810e,2025-04-14,448622900627,UPI,UPI,OTHER,EXPENSE,SUVARN,UNKNOWN,599,0,599,0,"UPI/448622900627/DR/SUVARN/IPOS/9561483
02/Paymen",
3,184c6236-b172-4926-82c3-ed72dde1810e,2025-04-14,426707621779,UA,BANK,OTHER,EXPENSE,KARANTATY,UNKNOWN,5000,0,5000,0,UA/426707621779/UNAMB/KARANTATY/4267,
4,184c6236-b172-4926-82c3-ed72dde1810e,2025-04-14,103152236788,UPI,UPI,INVESTMENT,INCOME,"AKASH
",HDFC,0,10000,10000,0,"UPI/103152236788/CR/AKASH
/HDFC/akashkamb/gold l",
5,184c6236-b172-4926-82c3-ed72dde1810e,2025-04-14,105707626933,UA,BANK,OTHER,EXPENSE,KARANTATY,UNKNOWN,10000,0,10000,0,UA/105707626933/UNAMB/KARANTATY/1057,
6,184c6236-b172-4926-82c3-ed72dde1810e,2025-04-14,103184416507,UPI,UPI,INVESTMENT,INCOME,"KARAN
",HDFC,0,1500,1500,0,"UPI/103184416507/CR/KARAN
/HDFC/karankamb/Gold L",
7,184c6236-b172-4926-82c3-ed72dde1810e,2025-04-14,609691005235,UA,BANK,OTHER,EXPENSE,KARANTATY,UNKNOWN,1301,0,1301,0,UA/609691005235/UNAMB/KARANTATY/6096,
8,184c6236-b172-4926-82c3-ed72dde1810e,2025-04-19,252600523946,UA,BANK,OTHER,EXPENSE,KARANTATY,UNKNOWN,57,0,57,0,UA/252600523946/UNAMB/KARANTATY/2526,
9,184c6236-b172-4926-82c3-ed72dde1810e,2025-04-20,587419113646,UPI,UPI,OTHER,INCOME,,MAHB,0,3000,3000,0,"UPI/587419113646/CR//MAHB/942113035/Pay
men",
10,184c6236-b172-4926-82c3-ed72dde1810e,2025-04-25,511597661724,UPI,UPI,TRANSFER,EXPENSE,,HDFC,290,0,290,0,UPI/511597661724/DR//HDFC/karankamb/self,
11,184c6236-b172-4926-82c3-ed72dde1810e,2025-05-04,,"091818210020527:SBInt.Pd:01-02-2025 to 30-
04-2025",INTEREST,OTHER,INCOME,UNKNOWN,UNKNOWN,0,9,9,0,"091818210020527:SBInt.Pd:01-02-2025 to 30-
04-2025",
12,184c6236-b172-4926-82c3-ed72dde1810e,2025-05-10,549613162948,UPI,UPI,OTHER,EXPENSE,Delhiv,UNKNOWN,520,0,520,0,"UPI/549613162948/DR/Delhiv/YESB/paytm-
del/UPI",
13,184c6236-b172-4926-82c3-ed72dde1810e,2025-05-15,104855107652,UPI,UPI,OTHER,INCOME,"KARAN
",HDFC,0,519,519,0,"UPI/104855107652/CR/KARAN
/HDFC/karankamb/UPI",
14,184c6236-b172-4926-82c3-ed72dde1810e,2025-05-21,550756338193,UPI,UPI,OTHER,EXPENSE,JANATA,HDFC,2100,0,2100,0,UPI/550756338193/DR/JANATA/HDFC/vyapar.1,
15,184c6236-b172-4926-82c3-ed72dde1810e,2025-05-21,550711782842,UPI,UPI,OTHER,EXPENSE,Shivga,UNKNOWN,10,0,10,0,"UPI/550711782842/DR/Shivga/UTIB/957997317
/UPI",
16,184c6236-b172-4926-82c3-ed72dde1810e,2025-05-23,,RENEWAL - BKID207143088230525,BANK,SERVICE,EXPENSE,UNKNOWN,UNKNOWN,20,0,20,0,RENEWAL - BKID207143088230525,
17,184c6236-b172-4926-82c3-ed72dde1810e,2025-05-28,514894785601,UPI,UPI,TRANSFER,EXPENSE,,HDFC,878,0,878,0,UPI/514894785601/DR//HDFC/karankamb/self,
18,184c6236-b172-4926-82c3-ed72dde1810e,2025-05-29,105603287856,UPI,UPI,UTILITY,INCOME,"AKASH
",HDFC,0,650,650,0,"UPI/105603287856/CR/AKASH
/HDFC/akashkamb/mobile",
19,184c6236-b172-4926-82c3-ed72dde1810e,2025-05-29,551546276844,UPI,UPI,OTHER,EXPENSE,,HDFC,147,0,147,0,UPI/551546276844/DR//HDFC/karankamb/UPI,
20,184c6236-b172-4926-82c3-ed72dde1810e,2025-05-31,654468179593,UPI,UPI,OTHER,INCOME,"Mr
SHA",MAHB,0,2000,2000,0,"UPI/654468179593/CR/Mr
SHA/MAHB/942113035/Paymen",
21,184c6236-b172-4926-82c3-ed72dde1810e,2025-06-01,551873127527,UPI,UPI,TRANSFER,EXPENSE,,HDFC,500,0,500,0,UPI/551873127527/DR//HDFC/karankamb/self,
22,184c6236-b172-4926-82c3-ed72dde1810e,2025-06-01,551890346217,UPI,UPI,OTHER,EXPENSE,"SUTAR
",UNKNOWN,650,0,650,0,"UPI/551890346217/DR/SUTAR
/YESB/paytmqr28/kirlos",
23,184c6236-b172-4926-82c3-ed72dde1810e,2025-06-02,515365116832,UPI,UPI,TRANSFER,EXPENSE,,HDFC,454,0,454,0,UPI/515365116832/DR//HDFC/karankamb/self h,
24,184c6236-b172-4926-82c3-ed72dde1810e,2025-06-03,515421975382,UPI,UPI,OTHER,EXPENSE,"AKASH
",UNKNOWN,500,0,500,0,"UPI/515421975382/DR/AKASH
/SBIN/akashkamb/mane g",
25,184c6236-b172-4926-82c3-ed72dde1810e,2025-06-12,106361021432,UPI,UPI,OTHER,INCOME,"AKASH
",HDFC,0,855,855,0,"UPI/106361021432/CR/AKASH
/HDFC/akashkamb/parsal",
26,184c6236-b172-4926-82c3-ed72dde1810e,2025-06-12,516374750591,UPI,UPI,OTHER,EXPENSE,,HDFC,855,0,855,0,"UPI/516374750591/DR//HDFC/karankamb/parce
l",
27,184c6236-b172-4926-82c3-ed72dde1810e,2025-06-13,106402884746,UPI,UPI,OTHER,INCOME,"AKASH
",HDFC,0,426,426,0,"UPI/106402884746/CR/AKASH
/HDFC/akashkamb/parsal",
28,184c6236-b172-4926-82c3-ed72dde1810e,2025-06-13,553027520900,UPI,UPI,OTHER,EXPENSE,,HDFC,426,0,426,0,"UPI/553027520900/DR//HDFC/karankamb/parce
l",
29,184c6236-b172-4926-82c3-ed72dde1810e,2025-06-15,072063035029,UPI,UPI,OTHER,INCOME,"Mr
SHA",MAHB,0,2000,2000,0,"UPI/072063035029/CR/Mr
SHA/MAHB/942113035/Paymen",
30,184c6236-b172-4926-82c3-ed72dde1810e,2025-06-18,106673655371,UPI,UPI,OTHER,INCOME,"AKASH
",HDFC,0,1000,1000,0,"UPI/106673655371/CR/AKASH
/HDFC/akashkamb/UPI",
31,184c6236-b172-4926-82c3-ed72dde1810e,2025-06-18,553532754833,UPI,UPI,OTHER,EXPENSE,Vishwa,UNKNOWN,770,0,770,0,"UPI/553532754833/DR/Vishwa/UTIB/gpay-
1120/Mane H",
32,184c6236-b172-4926-82c3-ed72dde1810e,2025-06-18,553569069796,UPI,UPI,OTHER,EXPENSE,Sidesh,UNKNOWN,20,0,20,0,"UPI/553569069796/DR/Sidesh/UTIB/888816327
/UPI",
33,184c6236-b172-4926-82c3-ed72dde1810e,2025-06-19,517097719739,UPI,UPI,REFUND,EXPENSE,"AKASH
",HDFC,1000,0,1000,0,"UPI/517097719739/DR/AKASH
/HDFC/akashkamb/refund",
34,184c6236-b172-4926-82c3-ed72dde1810e,2025-06-19,517040531226,UPI,UPI,OTHER,EXPENSE,Shivga,UNKNOWN,10,0,10,0,"UPI/517040531226/DR/Shivga/UTIB/957997317
/tablet",
35,184c6236-b172-4926-82c3-ed72dde1810e,2025-06-23,554002809502,UPI,UPI,OTHER,EXPENSE,Delhiv,UNKNOWN,280,0,280,0,"UPI/554002809502/DR/Delhiv/YESB/paytm-
del/UPI",
36,184c6236-b172-4926-82c3-ed72dde1810e,2025-06-23,106941494661,UPI,UPI,OTHER,INCOME,"AKASH
",HDFC,0,280,280,0,"UPI/106941494661/CR/AKASH
/HDFC/akashkamb/UPI",
37,184c6236-b172-4926-82c3-ed72dde1810e,2025-06-25,517618532561,UPI,UPI,TRANSFER,EXPENSE,,HDFC,299,0,299,0,UPI/517618532561/DR//HDFC/karankamb/self,
38,184c6236-b172-4926-82c3-ed72dde1810e,2025-06-30,107298681974,UPI,UPI,OTHER,INCOME,"AKASH
",HDFC,0,650,650,0,"UPI/107298681974/CR/AKASH
/HDFC/akashkamb/mbl em",
39,184c6236-b172-4926-82c3-ed72dde1810e,2025-07-06,107635232735,UPI,UPI,OTHER,INCOME,"AKASH
",HDFC,0,800,800,0,"UPI/107635232735/CR/AKASH
/HDFC/akashkamb/UPI",
40,184c6236-b172-4926-82c3-ed72dde1810e,2025-07-06,555383959460,UPI,UPI,TRANSFER,EXPENSE,,HDFC,800,0,800,0,UPI/555383959460/DR//HDFC/karankamb/self,
41,184c6236-b172-4926-82c3-ed72dde1810e,2025-07-06,555346142845,UPI,UPI,OTHER,EXPENSE,,HDFC,650,0,650,0,"UPI/555346142845/DR//HDFC/karankamb/mobil
e",
42,184c6236-b172-4926-82c3-ed72dde1810e,2025-07-06,555399454270,UPI,UPI,TRANSFER,EXPENSE,,HDFC,100,0,100,0,UPI/555399454270/DR//HDFC/karankamb/self,
43,184c6236-b172-4926-82c3-ed72dde1810e,2025-07-20,561989431992,UPI,UPI,OTHER,INCOME,"Mr
SHA",MAHB,0,2000,2000,0,"UPI/561989431992/CR/Mr
SHA/MAHB/942113035/Paymen",
44,184c6236-b172-4926-82c3-ed72dde1810e,2025-07-25,557233444778,UPI,UPI,OTHER,EXPENSE,"AKASH
",HDFC,1025,0,1025,0,"UPI/557233444778/DR/AKASH
/HDFC/akashkamb/UPI",
45,184c6236-b172-4926-82c3-ed72dde1810e,2025-07-25,557233754073,UPI,UPI,OTHER,EXPENSE,Delhiv,UNKNOWN,496,0,496,0,"UPI/557233754073/DR/Delhiv/YESB/paytm-
del/UPI",
46,184c6236-b172-4926-82c3-ed72dde1810e,2025-07-25,108695276813,UPI,UPI,OTHER,INCOME,PALLAV,UNKNOWN,0,500,500,0,"UPI/108695276813/CR/PALLAV/BKID/pallavika/
UPI",
47,184c6236-b172-4926-82c3-ed72dde1810e,2025-07-30,108967162146,UPI,UPI,REFUND,INCOME,"AKASH
",HDFC,0,1000,1000,0,"UPI/108967162146/CR/AKASH
/HDFC/akashkamb/refund",
48,184c6236-b172-4926-82c3-ed72dde1810e,2025-07-30,108967212334,UPI,UPI,EMI,INCOME,"AKASH
",HDFC,0,650,650,0,"UPI/108967212334/CR/AKASH
/HDFC/akashkamb/emi ju",
49,184c6236-b172-4926-82c3-ed72dde1810e,2025-07-30,557728195546,UPI,UPI,OTHER,EXPENSE,,HDFC,1000,0,1000,0,UPI/557728195546/DR//HDFC/karankamb/UPI,
50,184c6236-b172-4926-82c3-ed72dde1810e,2025-07-30,557736889009,UPI,UPI,OTHER,EXPENSE,,HDFC,650,0,650,0,"UPI/557736889009/DR//HDFC/karankamb/akas
h",
51,184c6236-b172-4926-82c3-ed72dde1810e,2025-07-31,521209852503,UPI,UPI,OTHER,EXPENSE,"Karan
",UNKNOWN,100,0,100,0,"UPI/521209852503/DR/Karan
/KKBK/899998040/Fund T",
52,184c6236-b172-4926-82c3-ed72dde1810e,2025-07-31,521239708280,UPI,UPI,TRANSFER,EXPENSE,,HDFC,27,0,27,0,UPI/521239708280/DR//HDFC/karankamb/self,
53,184c6236-b172-4926-82c3-ed72dde1810e,2025-08-01,521319379821,UPI,UPI,OTHER,EXPENSE,Shivga,UNKNOWN,167,0,167,0,"UPI/521319379821/DR/Shivga/UTIB/957997317
/bp gol",
54,184c6236-b172-4926-82c3-ed72dde1810e,2025-08-02,521470403921,UPI,UPI,OTHER,EXPENSE,Shivga,UNKNOWN,196,0,196,0,"UPI/521470403921/DR/Shivga/UTIB/957997317
/UPI",
55,184c6236-b172-4926-82c3-ed72dde1810e,2025-08-02,109130328577,UPI,UPI,OTHER,INCOME,"AKASH
",HDFC,0,200,200,0,"UPI/109130328577/CR/AKASH
/HDFC/akashkamb/UPI",
56,184c6236-b172-4926-82c3-ed72dde1810e,2025-08-03,,"091818210020527:SBInt.Pd:01-05-2025 to 31-
07-2025",INTEREST,OTHER,INCOME,UNKNOWN,UNKNOWN,0,12,12,0,"091818210020527:SBInt.Pd:01-05-2025 to 31-
07-2025",
57,184c6236-b172-4926-82c3-ed72dde1810e,2025-08-05,521746487487,UPI,UPI,OTHER,EXPENSE,Mahara,UNKNOWN,59,0,59,0,"UPI/521746487487/DR/Mahara/ICIC/mitcl.bdp/P
ay",
58,184c6236-b172-4926-82c3-ed72dde1810e,2025-08-06,506074159542,UPI,UPI,OTHER,INCOME,,MAHB,0,2000,2000,0,"UPI/506074159542/CR//MAHB/942113035/Pay
men",
59,184c6236-b172-4926-82c3-ed72dde1810e,2025-08-06,109331277637,UPI,UPI,OTHER,INCOME,"AKASH
",HDFC,0,800,800,0,"UPI/109331277637/CR/AKASH
/HDFC/akashkamb/rainco",
60,184c6236-b172-4926-82c3-ed72dde1810e,2025-08-15,522799132843,UPI,UPI,OTHER,EXPENSE,Shivga,UNKNOWN,42,0,42,0,"UPI/522799132843/DR/Shivga/UTIB/957997317
/UPI",
61,184c6236-b172-4926-82c3-ed72dde1810e,2025-08-18,559614510392,UPI,UPI,OTHER,EXPENSE,HANMAN,UNKNOWN,60,0,60,0,"UPI/559614510392/DR/HANMAN/YESB/paytmq
r64/UPI",
62,184c6236-b172-4926-82c3-ed72dde1810e,2025-08-18,110000374955,UPI,UPI,OTHER,INCOME,"AKASH
",HDFC,0,250,250,0,"UPI/110000374955/CR/AKASH
/HDFC/akashkamb/UPI",
63,184c6236-b172-4926-82c3-ed72dde1810e,2025-08-18,523060197974,UPI,UPI,OTHER,EXPENSE,Shivga,UNKNOWN,250,0,250,0,"UPI/523060197974/DR/Shivga/UTIB/957997317
/UPI",
64,184c6236-b172-4926-82c3-ed72dde1810e,2025-08-21,559911813145,UPI,UPI,OTHER,EXPENSE,HANMAN,UNKNOWN,20,0,20,0,"UPI/559911813145/DR/HANMAN/YESB/paytmq
r64/UPI",
65,184c6236-b172-4926-82c3-ed72dde1810e,2025-08-23,523558399923,UPI,UPI,OTHER,EXPENSE,Vishwa,UNKNOWN,423,0,423,0,"UPI/523558399923/DR/Vishwa/UTIB/gpay-
1120/mane m",
66,184c6236-b172-4926-82c3-ed72dde1810e,2025-08-23,560169524554,UPI,UPI,OTHER,EXPENSE,,HDFC,1000,0,1000,0,"UPI/560169524554/DR//HDFC/karankamb/akas
h",
67,184c6236-b172-4926-82c3-ed72dde1810e,2025-08-23,560137719345,UPI,UPI,TRANSFER,EXPENSE,,HDFC,1097,0,1097,0,UPI/560137719345/DR//HDFC/karankamb/self,
68,184c6236-b172-4926-82c3-ed72dde1810e,2025-08-24,523646627649,UPI,UPI,OTHER,EXPENSE,TAVASH,UNKNOWN,20,0,20,0,"UPI/523646627649/DR/TAVASH/YESB/q33482
147/UPI",
69,184c6236-b172-4926-82c3-ed72dde1810e,2025-08-28,524005937604,UPI,UPI,OTHER,EXPENSE,Khapar,UNKNOWN,70,0,70,0,"UPI/524005937604/DR/Khapar/UTIB/gpay-
1124/UPI",
70,184c6236-b172-4926-82c3-ed72dde1810e,2025-08-29,560782401731,UPI,UPI,OTHER,EXPENSE,BHAUSO,UNKNOWN,40,0,40,0,"UPI/560782401731/DR/BHAUSO/YESB/q76224
037/topi",
71,184c6236-b172-4926-82c3-ed72dde1810e,2025-09-01,561033291371,UPI,UPI,OTHER,EXPENSE,Google,UNKNOWN,1792,0,1792,0,"UPI/561033291371/DR/Google/UTIB/gpay-
cred/UPI",
72,184c6236-b172-4926-82c3-ed72dde1810e,2025-09-01,110623487874,UPI,UPI,OTHER,INCOME,"AKASH
",HDFC,0,650,650,0,"UPI/110623487874/CR/AKASH
/HDFC/akashkamb/UPI",
73,184c6236-b172-4926-82c3-ed72dde1810e,2025-09-01,748646505020,UPI,UPI,OTHER,INCOME,"Mr
SHA",MAHB,0,1000,1000,0,"UPI/748646505020/CR/Mr
SHA/MAHB/942113035/Paymen",
74,184c6236-b172-4926-82c3-ed72dde1810e,2025-09-03,561299562991,UPI,UPI,OTHER,EXPENSE,HANMAN,UNKNOWN,20,0,20,0,"UPI/561299562991/DR/HANMAN/YESB/paytmq
r6m/UPI",
75,184c6236-b172-4926-82c3-ed72dde1810e,2025-09-03,524683823205,UPI,UPI,OTHER,EXPENSE,Shivga,UNKNOWN,20,0,20,0,"UPI/524683823205/DR/Shivga/UTIB/957997317
/brush",
76,184c6236-b172-4926-82c3-ed72dde1810e,2025-09-09,525215434366,UPI,UPI,OTHER,EXPENSE,HANMAN,UNKNOWN,30,0,30,0,"UPI/525215434366/DR/HANMAN/YESB/paytmq
r5y/UPI",
77,184c6236-b172-4926-82c3-ed72dde1810e,2025-09-11,562077575341,UPI,UPI,OTHER,EXPENSE,VARADA,UNKNOWN,30,0,30,0,"UPI/562077575341/DR/VARADA/KKBK/mswipe.
14/UPI",
78,184c6236-b172-4926-82c3-ed72dde1810e,2025-09-12,525555973802,UPI,UPI,TRANSFER,EXPENSE,,HDFC,47,0,47,0,UPI/525555973802/DR//HDFC/karankamb/self,
79,184c6236-b172-4926-82c3-ed72dde1810e,2025-09-14,562357629556,UPI,UPI,OTHER,EXPENSE,Google,UNKNOWN,450,0,450,0,"UPI/562357629556/DR/Google/UTIB/gpay-
cred/UPI",
80,184c6236-b172-4926-82c3-ed72dde1810e,2025-09-15,562487142582,UPI,UPI,UTILITY,EXPENSE,MYJIO,HDFC,899,0,899,0,"UPI/562487142582/DR/MYJIO/HDFC/myjio.eas/
Pay",
81,184c6236-b172-4926-82c3-ed72dde1810e,2025-09-20,111490354338,UPI,UPI,OTHER,INCOME,"AKASH
",HDFC,0,1200,1200,0,"UPI/111490354338/CR/AKASH
/HDFC/akashkamb/UPI",
82,184c6236-b172-4926-82c3-ed72dde1810e,2025-09-20,562927099469,UPI,UPI,SERVICE,INCOME,"AKASH
",HDFC,0,2000,2000,0,"UPI/562927099469/CR/AKASH
/HDFC/akashkamb/servic",
83,184c6236-b172-4926-82c3-ed72dde1810e,2025-09-20,526301108194,UPI,UPI,SERVICE,EXPENSE,Prithv,UNKNOWN,2261,0,2261,0,"UPI/526301108194/DR/Prithv/UTIB/gpay-
1123/servic",
84,184c6236-b172-4926-82c3-ed72dde1810e,2025-09-21,455075572645,UPI,UPI,SERVICE,EXPENSE,Google,UNKNOWN,2,0,2,0,"UPI/455075572645/DR/Google/UTIB/playstore/
Mandat",
85,184c6236-b172-4926-82c3-ed72dde1810e,2025-09-21,455128542645,UPI,UPI,OTHER,INCOME,Google,UNKNOWN,0,2,2,0,"UPI/455128542645/CR/Google/UTIB/googlepay/
UPI",
86,184c6236-b172-4926-82c3-ed72dde1810e,2025-09-22,563111424090,UPI,UPI,OTHER,EXPENSE,Google,UNKNOWN,200.9,0,200.9,0,"UPI/563111424090/DR/Google/ICIC/gpayrecha/
UPI",
87,184c6236-b172-4926-82c3-ed72dde1810e,2025-09-25,526873140777,UPI,UPI,OTHER,EXPENSE,HANMAN,UNKNOWN,10,0,10,0,"UPI/526873140777/DR/HANMAN/YESB/paytmq
r64/UPI",
88,184c6236-b172-4926-82c3-ed72dde1810e,2025-10-01,564041055392,UPI,UPI,UTILITY,INCOME,"AKASH
",HDFC,0,2000,2000,0,"UPI/564041055392/CR/AKASH
/HDFC/akashkamb/mobile",
89,184c6236-b172-4926-82c3-ed72dde1810e,2025-10-03,564225350535,UPI,UPI,OTHER,EXPENSE,"Mr
VAR",UNKNOWN,90,0,90,0,"UPI/564225350535/DR/Mr
VAR/UTIB/902285105/cuttin",
90,184c6236-b172-4926-82c3-ed72dde1810e,2025-10-03,564227553148,UPI,UPI,OTHER,EXPENSE,Shivga,UNKNOWN,202,0,202,0,"UPI/564227553148/DR/Shivga/UTIB/957997317
/golya",
91,184c6236-b172-4926-82c3-ed72dde1810e,2025-10-15,112670059668,UPI,UPI,INVESTMENT,INCOME,"AKASH
",HDFC,0,500,500,0,"UPI/112670059668/CR/AKASH
/HDFC/akashkamb/licens",
92,184c6236-b172-4926-82c3-ed72dde1810e,2025-10-15,100299420096,UPI,UPI,OTHER,EXPENSE,Transp,UNKNOWN,500,0,500,0,"UPI/100299420096/DR/Transp/SBIN/sbiepay.s/
Collec",
93,184c6236-b172-4926-82c3-ed72dde1810e,2025-10-17,809661462905,UPI,UPI,SERVICE,EXPENSE,Google,UNKNOWN,399,0,399,0,"UPI/809661462905/DR/Google/UTIB/playstore/
Mandat",
94,184c6236-b172-4926-82c3-ed72dde1810e,2025-10-18,187477773281,UPI,UPI,OTHER,INCOME,"Mr
SHA",MAHB,0,5000,5000,0,"UPI/187477773281/CR/Mr
SHA/MAHB/942113035/Paymen",
95,184c6236-b172-4926-82c3-ed72dde1810e,2025-10-19,474671328705,UPI,UPI,OTHER,EXPENSE,SHASHE,UNKNOWN,100,0,100,0,"UPI/474671328705/DR/SHASHE/UBIN/sumitvar
s/Laptop",
96,184c6236-b172-4926-82c3-ed72dde1810e,2025-10-20,565940510779,UPI,UPI,OTHER,INCOME,"AKASH
",HDFC,0,100,100,0,"UPI/565940510779/CR/AKASH
/HDFC/akashkamb/laptop",
97,184c6236-b172-4926-82c3-ed72dde1810e,2025-10-21,529496209332,UPI,UPI,OTHER,EXPENSE,Google,UNKNOWN,200.9,0,200.9,0,"UPI/529496209332/DR/Google/UTIB/gpayrecha/
UPI",
98,184c6236-b172-4926-82c3-ed72dde1810e,2025-10-21,566041099687,UPI,UPI,OTHER,EXPENSE,,HDFC,2068,0,2068,0,UPI/566041099687/DR//HDFC/karankamb/UPI,
99,184c6236-b172-4926-82c3-ed72dde1810e,2025-10-21,529464116578,UPI,UPI,PERSONAL,EXPENSE,,HDFC,200,0,200,0,"UPI/529464116578/DR//HDFC/karankamb/papa
r",
100,184c6236-b172-4926-82c3-ed72dde1810e,2025-10-21,529417704510,UPI,UPI,OTHER,EXPENSE,MAHAVI,UNKNOWN,65,0,65,0,"UPI/529417704510/DR/MAHAVI/FDRL/bharatpe
./Pay To",
101,184c6236-b172-4926-82c3-ed72dde1810e,2025-10-21,529432209860,UPI,UPI,OTHER,EXPENSE,MAHAVI,UNKNOWN,20,0,20,0,"UPI/529432209860/DR/MAHAVI/FDRL/bharatpe
./Pay To",
102,184c6236-b172-4926-82c3-ed72dde1810e,2025-10-23,113080778946,UPI,UPI,OTHER,INCOME,"AKASH
",HDFC,0,120,120,0,"UPI/113080778946/CR/AKASH
/HDFC/akashkamb/UPI",
103,184c6236-b172-4926-82c3-ed72dde1810e,2025-10-23,529692244696,UPI,UPI,OTHER,EXPENSE,Vishwa,UNKNOWN,111,0,111,0,"UPI/529692244696/DR/Vishwa/UTIB/gpay-
1120/bp chy",
104,184c6236-b172-4926-82c3-ed72dde1810e,2025-10-28,530100451233,UPI,UPI,OTHER,EXPENSE,,HDFC,1524,0,1524,0,"UPI/530100451233/DR//HDFC/karankamb/vadg
av",
105,184c6236-b172-4926-82c3-ed72dde1810e,2025-10-29,566845798124,UPI,UPI,PERSONAL,EXPENSE,"KARAN
",UNKNOWN,3200.2,0,3200.2,0,"UPI/566845798124/DR/KARAN
/SBIN/karankamb/mama r",
106,184c6236-b172-4926-82c3-ed72dde1810e,2025-10-29,566823493298,UPI,UPI,OTHER,INCOME,AKASH,UNKNOWN,0,23500,23500,0,UPI/566823493298/CR/AKASH,
107,184c6236-b172-4926-82c3-ed72dde1810e,2025-10-31,567096824102,UPI,UPI,OTHER,EXPENSE,Delhiv,UNKNOWN,23400,0,23400,0,"UPI/567096824102/DR/Delhiv/YESB/paytm-
del/UPI",
108,184c6236-b172-4926-82c3-ed72dde1810e,2025-10-31,113458989930,UPI,UPI,EMI,INCOME,"AKASH
",HDFC,0,650,650,0,"UPI/113458989930/CR/AKASH
/HDFC/akashkamb/Emi mo",
109,184c6236-b172-4926-82c3-ed72dde1810e,2025-11-02,,"091818210020527:SBInt.Pd:01-08-2025 to 31-
10-2025",INTEREST,OTHER,INCOME,UNKNOWN,UNKNOWN,0,20,20,0,"091818210020527:SBInt.Pd:01-08-2025 to 31-
10-2025",
110,184c6236-b172-4926-82c3-ed72dde1810e,2025-11-05,530981951682,UPI,UPI,OTHER,INCOME,"Mr
Vik",MAHB,0,1000,1000,0,"UPI/530981951682/CR/Mr
Vik/MAHB/vikrambhi/UPI",
111,184c6236-b172-4926-82c3-ed72dde1810e,2025-11-05,,CWDR,ATM,OTHER,EXPENSE,YKO8008,UNKNOWN,1000,0,1000,0,CWDR//500029/YKO8008,
112,184c6236-b172-4926-82c3-ed72dde1810e,2025-11-08,531214033842,UPI,UPI,OTHER,EXPENSE,Shivga,UNKNOWN,50,0,50,0,"UPI/531214033842/DR/Shivga/UTIB/gpay-
1123/UPI",
113,184c6236-b172-4926-82c3-ed72dde1810e,2025-11-11,568181719724,UPI,UPI,OTHER,EXPENSE,Shivga,UNKNOWN,40,0,40,0,"UPI/568181719724/DR/Shivga/UTIB/957997317
/UPI",
114,184c6236-b172-4926-82c3-ed72dde1810e,2025-11-13,568328303567,UPI,UPI,OTHER,EXPENSE,Shivga,UNKNOWN,84,0,84,0,"UPI/568328303567/DR/Shivga/UTIB/957997317
/UPI",
115,184c6236-b172-4926-82c3-ed72dde1810e,2025-11-17,101985911597,UPI,UPI,OTHER,EXPENSE,,HDFC,106.9,0,106.9,0,"UPI/101985911597/DR//HDFC/proteaneg/Reque
s",
116,184c6236-b172-4926-82c3-ed72dde1810e,2025-11-29,114886433548,UPI,UPI,EMI,INCOME,"AKASH
",HDFC,0,650,650,0,"UPI/114886433548/CR/AKASH
/HDFC/akashkamb/emi no",
117,184c6236-b172-4926-82c3-ed72dde1810e,2025-12-03,533790242003,UPI,UPI,OTHER,EXPENSE,Shivga,UNKNOWN,27,0,27,0,"UPI/533790242003/DR/Shivga/UTIB/gpay-
1123/UPI",
118,184c6236-b172-4926-82c3-ed72dde1810e,2025-12-06,604519233405,UPI,UPI,OTHER,INCOME,GOOGLE,UNKNOWN,0,1,1,0,"UPI/604519233405/CR/GOOGLE/utib/goog-
paym/UPI",
119,184c6236-b172-4926-82c3-ed72dde1810e,2025-12-07,570758784920,UPI,UPI,OTHER,EXPENSE,Shivga,UNKNOWN,121,0,121,0,"UPI/570758784920/DR/Shivga/UTIB/957997317
/ciplox",
120,184c6236-b172-4926-82c3-ed72dde1810e,2025-12-07,570782485990,UPI,UPI,OTHER,EXPENSE,TAVASH,UNKNOWN,40,0,40,0,"UPI/570782485990/DR/TAVASH/YESB/q33482
147/UPI",
121,184c6236-b172-4926-82c3-ed72dde1810e,2025-12-08,570831626219,UPI,UPI,OTHER,EXPENSE,HANMAN,UNKNOWN,40,0,40,0,"UPI/570831626219/DR/HANMAN/YESB/paytmq
r64/UPI",
122,184c6236-b172-4926-82c3-ed72dde1810e,2025-12-08,570885040267,UPI,UPI,OTHER,EXPENSE,HANMAN,UNKNOWN,20,0,20,0,"UPI/570885040267/DR/HANMAN/YESB/paytmq
r64/UPI",
123,184c6236-b172-4926-82c3-ed72dde1810e,2025-12-09,534385002456,UPI,UPI,OTHER,EXPENSE,Shivga,UNKNOWN,27,0,27,0,"UPI/534385002456/DR/Shivga/UTIB/957997317
/UPI",
124,184c6236-b172-4926-82c3-ed72dde1810e,2025-12-10,571033724920,UPI,UPI,OTHER,EXPENSE,HANMAN,UNKNOWN,50,0,50,0,"UPI/571033724920/DR/HANMAN/YESB/paytmq
r6m/UPI",
